,title,metrics
0,rmse,7.585287878220959
1,mae,5.724625335945953
2,evs,0.9147232266042006
